{
  "project_info": {
    "project_number": "1010410765623",
    "firebase_url": "https://freechat-63b92.firebaseio.com",
    "project_id": "freechat-63b92",
    "storage_bucket": "freechat-63b92.appspot.com"
  },
  "client": [
    {
      "client_info": {
        "mobilesdk_app_id": "1:1010410765623:android:fa91da4a2683832a",
        "android_client_info": {
          "package_name": "com.freakyharsh.free_chat"
        }
      },
      "oauth_client": [
        {
          "client_id": "1010410765623-n0obop3sku0d4t9k199gpdlrnhounegu.apps.googleusercontent.com",
          "client_type": 3
        }
      ],
      "api_key": [
        {
          "current_key": "AIzaSyAG_X_7hvxLcrfTm5BH8N_KPLDdjSDrT0k"
        }
      ],
      "services": {
        "appinvite_service": {
          "other_platform_oauth_client": [
            {
              "client_id": "1010410765623-n0obop3sku0d4t9k199gpdlrnhounegu.apps.googleusercontent.com",
              "client_type": 3
            }
          ]
        }
      }
    }
  ],
  "configuration_version": "1"
}